run_id,timestamp,status,input_text,original_topic,original_label,predicted_target,predicted_stance,debate_turns,agent_final_target
0b9f1f08-9bb0-4f7a-8f13-52ee5fd29021,2025-09-19T13:16:13.165412,completed,"""But let's start with the basics. Any nation wishing to declare independence should meet three essential elements: a strong central government, control of defined territory and security. The Palestinian Authority does not yet meet any of them."" Historians would strongly disagree with you. Around sometime late eighteenth century some thirteen odd British colonies did ""declare independence"" without any resemblance of ""strong central government"" with its territory controlled by the British. Today a certain French foreign minister called it a ""hyper-power"" and not a ""failed state"". Please check upon a historian or read up your history. Trust me! It is true!!",palestinian authority,AGAINST,Thirteen British Colonies,negative,2,"The thirteen British colonies in the late 18th century, specifically the United States at the time of its Declaration of Independence."
0f353a8c-3db6-4f74-8d05-643099540382,2025-09-19T12:04:28.580662,completed,"""An American parent could reasonably decide not to follow the C.D.C.'s current vaccination schedule by choosing to vaccinate on the schedule they use in Norway, which has one of the lowest infant mortality rates in the world."" You don't come close to explaining how it's ""reasonable"" for a parent to second guess the CDC's recommended schedule. Do you have actual evidence that the potential risk of infant vaccines outweighs the risk of the diseases they prevent? It seems not.",child vaccine,FAVOR,Vaccination Schedule Deviation,negative,5,"The statement should focus on criticizing the lack of explanation for why deviating from the CDC's recommended vaccination schedule is reasonable, without referencing specific countries or health metrics."
13ec1c74-f51c-4316-98e4-cf309a5e2396,2025-09-19T14:18:18.418164,completed,"""Do Immigrants Take Jobs From American-Born Workers?"" seems to imply those jobs belong to native-born workers by right. That's an interesting perspective, particularly given how America advertises itself as a meritocracy, where the jobs go to the hardest working and most skilled. Mr. Camarota is re-treading the same arguments raised by 19th century Know-Nothings. America has not imploded from immigration since then. Successive generations of nativists have frothed about Irish, Italians, Polish, Chinese immigrants coming to steal American jobs. Yet America has became a superpower in those years. So is immigration really killing the job market? Or maybe we should look instead at what's different now? Perhaps the more significant cause of the decline in employment opportunities is because jobs are being shipped to countries like China or Sri Lanka? Or perhaps it's because there is a lack in upwards social mobility through failing public education and rising costs of higher education?",immigration,FAVOR,Demographic Changes,neutral,3,"The impact of demographic changes, including immigration, on the job market, particularly in relation to structural shifts such as automation, outsourcing, and changes in education and social mobility."
14d73d21-a7ee-42b8-831a-80ee7715e2cf,2025-09-19T15:11:52.457559,completed,"""Forcing people to participate who do not want to does nothing to get at the underlying substance of democracy."" Amen. In fact, it seems anti-democratic to mandate participation. One of the greatest freedoms is the freedom to be left alone.",forcing people to participate,AGAINST,Forced Participation in Democracy,negative,3,The idea that forcing people to participate in democratic activities undermines the fundamental principles of democracy and individual liberty.
152cd1be-cd91-4e86-bf4c-16986a4b3bd3,2025-09-19T13:49:27.831521,completed,"""Congress should stop Obamacare before it starts, and focus on common-sense solutions that can reduce health care costs for all Americans."" Except that we never seem to see what these ""common-sense solutions"" might actually consist of. As a liberal who opposed Obamacare because it's not what we really need--which is socialized medicine, by whatever name you might want to call it--I'm certainly all ears for other solutions. But I never see anything viable coming from the modern Right, just some mealy-mouthed phrases that camouflage their intent to do nothing at all. And why should we? The heart of Obamacare, the individual mandate, originated at the Heritage Foundation. Obama enacted a tweaked version of the GOP plan for healthcare reform and no one hates it more than the GOP.",obamacare,AGAINST,Modern Right in Congress,negative,4,"The proposed target is too vague and implies that all members of Congress are responsible for the lack of viable solutions, rather than focusing on a specific group or ideology within Congress."
21d30690-4f48-4609-ab6a-249c9c7cf69f,2025-09-19T13:42:04.079687,completed,"""Civilians and even humanitarian workers are afraid to assist victims for fear they may be killed in a second strike."" It's worth pointing out that attacking people trying to assist victims in a second strike is a violation of the First Geneva Convention, which the United States has signed. This rule was put in place specifically to prevent the kind of situation where an attack has occurred, medics try to rescue the wounded, and somebody just starts killing medics. That means that anyone ordering those sorts of strikes (which are definitely happening) is a war criminal.",victim,AGAINST,Leaders who violate Geneva Convention,negative,6,"Leaders within governments or militaries who intentionally order military strikes in violation of the First Geneva Convention, specifically targeting humanitarian workers or civilians attempting to assist victims."
2bf1b2d0-2ebd-411a-a3ea-0513d9cab7bb,2025-09-19T11:33:04.497182,completed,"""...wait some period of time to ensure that the felon has actually turned over a new leaf."" The release from prison after having met all the criteria for the sentence affirms their debt to society has been met, but you want to impose more? Pray tell, how does one satisfy the ""new leaf"" criteria? How long does it take? All Mr. Clegg's position does is try to justify a limitation on earned freedom. Our Founding Fathers would find that unconscionable.",felon,FAVOR,Imposing Additional Waiting Periods as Condition of Release,negative,8,"Mr. Clegg's specific proposal for imposing additional waiting periods as a condition of release, specifically the aspect of trying to justify a limitation on earned freedom after all criteria for the sentence have been met and the felon has actually ""turned over a new leaf"""
35cf6dd5-7a35-4439-bfe0-5d0ec75433fa,2025-09-19T12:24:53.044705,completed,"""Assad has been key to its [ISIS] rise in Syria and beyond."" I beg to differ. Saudi Arabia and Qatar, at the behest of the US State Department and encouraged by neocon PNacers, have been key to the rise of ISIS. When Mr Hassan introduces as a fact a proposition that is not factual, I feel free to discount his opinion.",isis,AGAINST,ISIS,negative,2,"The US State Department, Saudi Arabia, and Qatar were instrumental in the rise of ISIS."
3d29f636-6d11-4ae7-897d-d66315e5d150,2025-09-19T14:45:49.240172,completed,"""Enrollees could select health plans that meet their needs, instead of the needs of politicians and lobbyists."" The needs of the enrollees are that they get the medical attention they need, when they need it, for as long as they need it. Don't try to ""divide and conquer,"" to separate the might-be diabetics from the active outdoorspeople from the folks who cross the streets used by cars. In short, you have no idea which camp you fall into until your appendix bursts or you have a stroke from a congenital aneurism no one could tell you had or you get mugged and knifed on vacation in a strange city. ""They could choose innovative plans that provide the coordinated care, information technologies, effectiveness research and safer medicine Medicare has promised but failed to deliver."" Who DOESN'T deserve to get these plans? Why can't this be the baseline of our national healthcare system? What alternative would YOU choose that didn't meet these guidelines? C'mon, get real. Is this proposal the dictionary definition of what people call ""straw man"" arguments?",medicare,FAVOR,Republican politicians,negative,1,"The implicit target in this text is Republican politicians and their health care proposals.

The explicit criticism targets the needs of politicians and lobbyists, implying that they are prioritized over those of enrollees. The use of phrases such as ""divide and conquer,"" ""might-be diabetics from the active outdoorspeople,"" suggests a critique of divisive or targeted approaches to healthcare, which is a common criticism of Republican health care proposals in the United States. Additionally, the mention of innovative plans that provide coordinated care and safety measures, but also failed to deliver on by Medicare (a government-run program), implies a comparison between Democratic and Republican ideologies."
3e97873d-23b5-467d-9de7-6b959a9b661e,2025-09-19T10:55:39.844952,completed,"""...Facebook gets a bad rap; it didn't cause the cheating. It just made it more convenient to do (and perhaps easier to catch)."" Hmm, call me crazy, but Facebook shares some of the responsibility -- does it not? It's like refusing to assign blame to gun dealers and drug dealers. They increase accessibility to illicit materials, which essentially furthers the end goal of usage. Now, this isn't to suggest that Facebook is entirely at fault, but it does play an active role.",facebook,AGAINST,Facebook's Role in Cheating,negative,4,Facebook plays an active role in facilitating cheating by increasing accessibility and furthering its own interests.
48efbac3-a8ed-44de-89f7-4efbdec48a5a,2025-09-19T14:23:08.507763,completed,"""Do tenure's job protections prevent bad teachers from being fired or do they provide for greater stability for low-paid faculty?"" It is a myth that teachers are low-paid, at least in the Northeast. In my school District in CT, the average pay of all Board of Ed employees, including teachers, is $60k, and the benefits packages are $20k each. That's $80k in compensation, plus summers off. Plus a handsome pension. That may not be in the 1%, but it sure ain't starvation wages. Most teachers have markedly higher incomes that the taxpayers who are paying their salaries. For wages that high, some accountability is in order.",tenure,AGAINST,Tenure,negative,8,The argument that tenure's job protections prevent bad teachers from being fired and provide for greater stability for low-paid faculty because it is a myth that teachers are low-paid.
4c596a5d-9a19-41fd-bcc6-3df9f71c0134,2025-09-19T15:03:11.327437,completed,"""First, free college isn't free, it simply shifts costs from students to taxpayers and caps tuition at zero. That tuition cap limits college spending to whatever the public is willing to invest. But it does not change the cost of college, or what institutions actually spend per student."" Yes it does... you can't spend more than you have, just a simple fact. Public education would likely be cheaper on a per student basis than the private version. Classes would be larger, dorms less nice, with less landscaping on the lawns. I don't think that's necessarily bad. I think the current system is actually the worst of all worlds - a loan and financial aid system that effectively allows colleges to charge each student the absolute maximum of what they're able to pay, with public subsidies helping increase the price further.",the current financial aid system,AGAINST,Free Tuition Policy,neutral,4,"A free tuition policy would likely lead to increased efficiency in college spending, as institutions may need to adapt to reduced revenue and prioritize essential expenses over amenities."
51f40779-cf5c-4dbb-a23d-bafb8ac83370,2025-09-19T10:44:48.053520,completed,""" Suffice it to say that the reinstitution of happy hour, with its drunken hordes stumbling forth onto Illinois' roads, is not likely to make Illinois' roads safer."" I am against drunk driving, and I think alcohol is a truly rotten drug. But it does not ""suffice to say"" that reinstating happy hour will make the roads less safe. Laws that protect public safety have to be based on actual data. Not on the moral projections we think are obvious in our heads.",happy hour,AGAINST,Public Safety Laws,neutral,6,"The author's argument against reinstating happy hour is not primarily about drunk driving, but rather about the need for evidence-based decision-making regarding public safety laws."
55ac68bf-cda6-4717-ba29-c14eff016b15,2025-09-19T11:22:38.865260,completed,"""...tipping motivates people who work long, busy hours catering to the needs of others. It's the best way to ensure optimal service..."" By this logic anyone who works long, busy hours catering to the needs of others should be tipped. Tip the doctor. Tip the grocery clerk. Tip the airline counter agent. Tip the airline pilot. Etc. I fail to see why those whose particular service happens to be delivering plates of food warrant their own method of compensation. One that puts an onus of extra calculation and deliberation on every single customer, every time they sit down to eat and relax. Thankfully, most other services in this world are one-price to the customer. It's left to the employer to do the work of assessing whether the employee is providing good service.",good service,FAVOR,Tipping in Restaurants,negative,5,"The author of the text, who argues for the abolition of tipping and advocates for a one-price system in all industries except the restaurant industry where they have chosen to dine, as shown by their example of only criticizing tipping specifically in that context."
583721fb-c6fb-40a0-a02d-b125e98a2309,2025-09-19T11:16:16.900306,completed,"""...the need to build attractions outside the casinos..."". Attractions bigger and better than the Atlantic Ocean and beaches?. In other locales, the shore experience is sufficient to sustain a viable local economy. Perhaps the emphasis on gambling and not a family friendly environment led to an unsustainable business model, just as occurred at the Meadowlands horse track. Casinos are no panacea for the decline of aging urban areas.",casino,AGAINST,Family-Friendly Shore Towns,neutral,6,"Shore towns with similar demographics but different economic models that prioritize family-friendly tourism and do not rely on gambling, such as the Jersey Shore's boardwalks and amusement parks."
5cd64a3c-40b6-46f9-a0b7-66a376e27c1a,2025-09-19T13:55:25.541840,completed,"""Continuing with the I.M.F.-E.U. imposed budget austerity measures risks condemning Greece to several more years of economic misery."" Austerity hasn't worked, it isn't working and it ain't gonna work in several more years. At some point, of course, the Greek economy will recover, even carrying the burden of austerity. But as Maynard Keynes wisely observed, ""In the long run we are all dead.""",greece 's,AGAINST,Budget Austerity Measures,negative,7,The I.M.F.-E.U.'s continued imposition and implementation of budget austerity measures on Greece.
5fbd257c-cb89-43a1-938f-6d2d528c06c5,2025-09-19T12:14:46.713982,completed,"""Are research papers a waste of time?"" Absolutely not! The internet may give students and scholars easy access to sources, but many of these sources are flawed or unreliable in some way. Now more than ever, students need to know how to sift through information to find reliable sources and well-constructed arguments. Writing a research paper is still the best way to do this. Select a paper topic that you find interesting or important. Read and evaluate 10-15 reputable sources related to your topic, and then build an argument that engages with and contributes to this existing research. This might not be the most exciting assignment in the world (depends on the topic, I suppose) but it teaches skills that every college graduate should have. Really, every high school graduate ought to have this training as well. But let's not ask for the moon!",research,FAVOR,Teaching critical thinking,neutral,2,Teaching critical thinking and information literacy in an educational setting
6cfcc509-09f3-4449-a504-e4b13a20ea00,2025-09-19T14:02:21.799068,completed,"""Democracy is coming / to the USA."" - Leonard Cohen. COMMENTS are a major factor in this democratization, although, yes of course, each site needs a moderator to keep the conversation level and the tone constructive. Only an authoritarian sinecure of the MSM will argue otherwise.",comment sections,FAVOR,Mainstream Media (MSM),negative,1,"The implicit target appears to be ""the Mainstream Media (MSM)"". The text implies criticism towards the MSM by describing them as ""authoritarian"" and suggesting that they would disagree with the importance of moderation in online discussions, rather than presenting a neutral or objective perspective. The tone and language used convey a sense of disdain and mistrust towards the MSM, making them the implied target."
6e2c94b1-181f-4f88-b883-453bea693e4e,2025-09-19T12:10:22.264067,completed,"""Any nation wishing to declare independence should meet three essential elements: a strong central government, control of defined territory and security."" Is the Author suggesting that Israel doesn't fulfill the requirements for being a State? Israel barely fulfills any of the three requirements the Author considers ""essential elements"" for being a State: 1. Strong Government - Israel has a history of weak coalition governments, with the major parties hostage to extremist fringe minor partners. 2. Defined Borders - What are Israel's borders? '67 Armistice Lines? East Jerusalem? Settlements? 3. Security - The Israeli government keep claiming that Israel is under constant existential treat from its neighbors. PS Israel fulfilled non of these requirements when it was declared a State by the UN.",israel,AGAINST,Israel's independence,neutral,2,"The Author's argument about statehood, specifically in relation to Israel's independence."
7cf622ef-2128-4219-84ba-6288c9dde6e4,2025-09-19T12:28:30.380559,completed,"""Assuming an unpaid internship is mutually beneficial and entered into freely by both parties, should such arrangements be illegal? "" Just because we young people constitute a ""willing party"" when entering into an internship doesn't mean we are actually ""willing"". We simply have no choice. After all, for the ambitious among us, what's the alternative? Unless you have your sights on a career in venture capitalism/finance/etc., non-remunerated internships are all we know.",unpaid intenship,AGAINST,Unpaid Internships,negative,2,Exploitation of young people through unpaid internships
7e1d4e89-5ecf-45fe-8167-e8908ae7db97,2025-09-19T12:41:42.434540,completed,"""Because I can do the best work of my career there."" I think that constitutes fun, or at least satisfaction. Any company that PREVENTS employees from working productively, despite increasing demands upon said productivity - misery all around. I don't care about fancy gyms, I want respect and efficiency. And yes, not to drop dead at age 50 from a heart attack.",productivity,FAVOR,the company,negative,1,"After analyzing the text, I have identified the implicit target as ""the company"" or more specifically, the company's management or leadership.

The explicit language points towards the company's characteristics being either beneficial (""fun"", ""satisfaction"") or detrimental (""misery""), implying that the speaker has experienced both. The key phrases such as ""ANY COMPANY"" (emphasis added), ""I don't care about fancy gyms"", and ""the company that PREVENTS employees from working productively"" strongly suggest that the implicit target is indeed the company, with its policies and management style being the focal point of criticism."
7f3bd36a-8b88-4b8d-95fb-43d1d546eb15,2025-09-19T12:35:40.410065,completed,"""Barring a drastic improvement in efficiency, tuition-free colleges won't have the resources to serve additional students without compromising the quality of their offerings."" Improvement in efficiency is key here. Certification provides jobs, and social improvement provides purpose. They are different, society benefits when people are working in a rapidly changing job culture. The individual benefits from better communication, cultural growth and personal recognition. Society has an obligation to pay for its own growth - certification for work. ""Despite free tuition, just one-third of students from the bottom income quartile who started at a community college in 2003 finished a degree or certificate by 2009."" What on earth is a bottom income quartile student? These are people who need doable steps. If this interferes with the ability to obtain a self-supporting job, society pays. Society pays and pays and pay when people can't care for themselves.",college,AGAINST,Students from low-income backgrounds who attend community colleges,neutral,4,Students from low-income backgrounds who attend community colleges seeking financial stability and independence
96d4a931-9bd2-4dd9-839d-3c0d50d3191c,2025-09-19T12:19:12.573038,completed,"""Ask teachers who have been at it for a decade or more if they were better in their first year or their tenth. The resounding answer -- at least from those who love teaching -- will be that their years of experience made them so much better that they often feel sorry for the kids who were in their class that first year."" Of course, one might ask for some data in lieu of the directive to the reader to conduct a survey, but perhaps more glaring is the assumption that the ""experienced"" teachers are in a position to know. Are they disinterested so as to be in a position to judge? Isn't their response likely to be purely subjective? Formerly a college professor, I rarely have met a high school teacher who I thought was sufficiently educated in his or her subject to be teaching it. I would say a masters degree in the field doesn't cut it, certainly not at the high school level, and a degree in ""Education,"" of any sort, from BA to PhD, definitely doesn't qualify anyone to teach at any level, from kindergarten to graduate school.",teacher,FAVOR,Teacher Experience,negative,4,The assumption that teachers with more experience are automatically better qualified to judge their own teaching abilities in terms of education and subject matter expertise
97f18bf5-a496-4292-bc15-c7ea7896c550,2025-09-19T13:20:33.997152,completed,"""Casino taxes and development revenue from the city's three casinos generate about $11 million a month for Detroit."" And where does this revenue come from? Thin air? The writer has to know this is a negative sum game, not even a zero sum game. For every dollar the city takes in, you can be sure the casino operators take at least five. The people who spend this money are overwhelmingly those who can't afford it, so that the 11 million they get back in services is less than what they lost in the first place. At the end of the day, the casino ends up making no new product, or service, other than escapist entertainment. But, but, but, you say, the casino puts the money back in the community. I bet. See the piece by Professor Simon on Atlantic City. Maybe the money does come out of thin air -- Canadians and non-Detroiters. Well that's great. Here you go, Paul. Sorry, Peter.",casino revenues,AGAINST,Casino Operators,negative,2,"The casino operators, rather than the city, are the primary beneficiaries of the revenue generated by Detroit's three casinos."
97ff4673-b265-412a-b579-e85e56a46fb2,2025-09-19T11:42:13.719744,completed,"""75 percent of the students passed their courses with a C or better"" Who awards the grades? The same teacher who sets the curriculum? Online courses are easier on teachers; do teachers not have an interest in making them appear successful? And what are the grades based on? Online exams taken on the honor system? Does the author believe that these students haven't opened a new window to consult google, Wikipedia or any other online source? How do online students compare with classroom students on objectively assessed test, like the AP exams?",online classes,AGAINST,Teachers' Grading Methods,negative,5,"Teachers' grading methods and potential biases in awarding grades in online courses, particularly when online exams are taken on an honor system without direct supervision, and where the credibility of grades is compromised due to teachers' interests in making online courses appear successful"
9b84cd00-8cdb-46f1-9192-c059256daf23,2025-09-19T14:05:32.589303,failed,"""Despite consistently high popular support for legalization, Congress has failed to act."" I keep reading this bogus claim peddled by pro-amnesty enthusiasts about enormous support for ""legalization"" of illegal immigrants, but have yet to see any evidence of it. As a matter of fact, the reverse is true as proven by the rise of Trump and other politicians who are campaigning against illegal immigration. Why does the NYT keep publishing this falsehood?",illegal immigration,AGAINST,invocation_error,invocation_error,0,
9db5a3d4-fa43-495e-a1f6-edc8adb65f7d,2025-09-19T12:50:00.711519,completed,"""But I strongly reject the oft-heard accusations from the Left that opposition to whatever identity-politics goal it pursues can only be based in hate."" In the case of religion-based homophobia, you have a point. I expect that in many cases it is based not in personal hate, but rather in the alternative evil of ""I was only following orders.""",political hate,AGAINST,Conservative/Right-Wing ideologies,negative,1,"The implicit target is: Conservative/Right-Wing ideologies and individuals who oppose identity politics.

Analysis:

* The text begins with a strong rejection of accusations from the Left, implying that the speaker is on the Right or at least sympathetic to conservative views.
* The mention of ""identity-politics goal"" suggests that the speaker is responding to specific policies or movements associated with the Left, such as LGBTQ+ rights or racial justice initiatives.
* The phrase ""opposition to whatever identity-politics goal it pursues"" implies that the speaker believes conservatives are being unfairly targeted by accusations of hate, and that their opposition is motivated by a desire to follow rules or norms (e.g., religious doctrine) rather than personal animosity.

Overall, the tone and language suggest that the implicit target is conservative individuals and ideologies who oppose identity politics, particularly those associated with the Left."
a2fad57e-dfb6-4216-8cf6-39ca5dbf6626,2025-09-19T10:40:54.862374,completed,""" Congress should delay the law for a year...""? Tell that to my niece whose 17 month old toddler has just been diagnosed with a rare disease that will need years of medical care. Without the provisions in the new health care law, this family would be facing bankruptcy. I prefer living in a nation where we have the decency to realize that health care is a right. Obviously those who seem to be objecting to the new health care law have never faced what 30 million people face in our country every day. For them another year's delay is life or death.",health care law,FAVOR,Opponents of the new healthcare law,negative,1,"The implicit target of this text is **Opponents of the new healthcare law, specifically Republicans and Conservative politicians**.

While the text does not directly mention specific individuals or groups, the language and tone strongly suggest that the speaker is addressing those who are objecting to the new healthcare law, implying a clear ideological divide. The use of phrases such as ""those who seem to be objecting"" and ""life or death"" creates a sense of urgency and moral judgment, targeting opponents who prioritize politics over people's well-being."
aad658b7-b026-471c-b4ba-87b2d81937b0,2025-09-19T13:32:23.815809,failed,"""City officials and cycling advocates say that the expanded network has already proved successful, increasing riders' safety while promoting a greener means of urban transportation. Opponents complain about the loss of parking and unloading space, as well as constricted traffic."" Well, then, I would say it's already a success on both counts!",bike safety,FAVOR,invocation_error,invocation_error,0,
ac522693-577f-4e93-bc2e-fea6cb82cf8b,2025-09-19T12:44:58.276538,completed,"""But I certainly would fire any of my employees who would consider flag-burning as an act of defiance. It's not. It's childish and immature behavior, and those who would do such a thing would be unworthy of public employment."" Actually, I once told my wife that if an amendment were actually passed banning flag-burning, I would burn one the next day on the steps of the Supreme Court. It's not necessarily an act of childish defiance; it can be an all-in statement of what is important about this country. By the way, flag-burning is required by law. Last time I looked, it was the only proper way to dispose of a flag too worn to be flown any more.",flag burning,FAVOR,Hypocrisy,negative,3,"The speaker's hypocrisy in condemning others for burning the flag as an act of defiance while claiming they would do so themselves as a statement of patriotism, highlighting their inconsistent views on free speech and public employment."
b4da54e1-1f11-4ebf-8abf-9ed28674485a,2025-09-19T14:37:02.538077,completed,"""Enrollees could select health plans that meet their needs, instead of the needs of politicians and lobbyists. They could choose innovative plans . . ."" As people age, although perhaps Mr. Cannon has not yet met any senior citizens so doesn't realize this, they have difficulty making decisions. They would probaly need to depend on someone who would easily target them to take advantage of them, as happens all the time. This approach strikes me as mean, callous, thoughtless. Medicare works.",medicare,FAVOR,Privatized Healthcare Systems,negative,8,"Targeted exploitation of senior citizens under privatized healthcare systems with inadequate support for informed decision-making and lack of protection from manipulation by health plan providers or agents, lobbyists, and policymakers who prioritize their own interests over the needs of enrollees, facilitated through inadequate oversight and regulation of the private healthcare market."
b5652aae-98dc-4bf6-afb6-5802c810374a,2025-09-19T15:08:51.751441,completed,"""First, free college isn't free, it simply shifts costs from students to taxpayers""......The argument ignores the fact that students become tax payers. It has been shown that people with a college degree on average have significantly increased earnings over their life time; and further that the increased taxes collected on those earnings off sets the cost of their education several fold. The economic argument fails. College is a good public investment.",college,FAVOR,College,positive,1,"The explicit target in this text is: ""College"""
be7a457b-575a-41da-9928-d2e3c20b8c66,2025-09-19T14:50:33.264660,completed,"""Establishing it as a third legal drug, along with tobacco and alcohol, will increase drug abuse, including the expanding opioid epidemic."" Well, if the problem is that legalizing Marijuana will make for three legal drugs...then why don't we make tobacco illegal, or alcohol. Both of those drugs have vastly more deaths attributed to them than marijuana ever has. Hate these scare tactics.",marijuana legalization,FAVOR,Marijuana legalization,negative,1,"The implicit target in this text is **Marijuana legalization**.

Although the word ""marijuana"" is not explicitly mentioned in the first sentence, the context and tone suggest that it is the topic being referred to as the potential third legal drug. The use of phrases like ""legalizing Marijuana"" (implied by the speaker) and ""along with tobacco and alcohol"" further supports this conclusion.

The implicit target becomes more apparent in the second paragraph, where the speaker explicitly mentions marijuana and makes a comparison between it and other substances."
c25aa536-27d0-4e50-8c9f-9ebb2993c6e2,2025-09-19T11:28:56.133186,completed,"""...type a test essay, press a button and wait for a computerize algorithm to give him a score."" That should be either 'computer' algorithm or 'computerized' algorithm. ""He was devastated when the operating system didn't like what he wrote, elated when it did."" The operating system liked or disliked nothing; it hosted the program that did all the liking etc. No wonder the author doesn't like standards in writing and complains about algorithms, it all is quite confusing to him apparently.",computer,NONE,Author's lack of understanding of computer terminology,negative,2,The author's lack of understanding of computer terminology
c2edd780-6206-47c5-81de-acdd7480355c,2025-09-19T11:48:09.233618,failed,"""A revivified C.I.A. is necessary today to fight against radicalism, militancy and the forces of anarchy that threaten the region from Bangladesh to Morocco."" Mr. Nawaz, the CIA is one of the biggest contributors to radicalism and wars. Your own country of origin is exhibit 1.",the c.i.a. is necessary,FAVOR,invocation_error,invocation_error,0,
cb47c93e-e067-4d5b-be71-a8dc7275fab0,2025-09-19T11:06:56.784488,completed,"""...one must ask how much money they must make to demonstrate that they are among the best managed companies on the planet."" They must make enough money to insure that they can never fail and threaten the stability of the worlds economy again. That much money.",stability of the economy,NONE,Systemically Important Financial Institutions,negative,9,"Global corporate entities with significant economic influence, particularly those considered ""systemically important"" (such as multinational banks or large financial institutions), that are perceived to be among the best managed companies on the planet."
cc255614-fb68-4f1c-8555-4e1f5d0147ac,2025-09-19T13:24:50.271877,completed,"""Christians aren't trying to control the culture by means of force."" Cute, coming from an Evangelical who would use the brute force of government to deny gay couples the legal right to a same-sex marriage. I am a church-going Christian who is morally repelled by his dishonesty.",a harmful atmosphere for gays,AGAINST,Conservative Evangelicals,negative,8,"Conservative Evangelicals who claim to oppose controlling the culture through force but are actually using their influence to pass laws restricting LGBTQ+ rights and same-sex marriage, specifically those who deny gay couples the legal right to a same-sex marriage"
cda44ebe-3ecb-4bf1-9a68-14ec0a8ebaa6,2025-09-19T12:31:03.570446,completed,"""Atlantic offshore exploration and development could add $23.5 billion to the U.S. economy, create 280,000 jobs, generate $51 billion in state and federal revenue and produce an additional 1.3 million barrels of oil equivalent per day."" And how many tons per day of carbon dioxide into the atmosphere? Just a thought. Just another thought: How about we leave something in the ground as a legacy for our great great grandchildren and in the meantime, tighten our belts and initiate other ways of doing what we need to do? Larry Lundgren has an excellent suggestion below, and there are many more. Let's think about emerging out of the Age of Petroleum into what must come next if we are to survive on this planet.",offshore exploration,FAVOR,Atlantic Offshore Oil Exploration,negative,2,"The environmental impact of Atlantic offshore exploration and development, specifically carbon dioxide emissions."
cf310dea-bf2d-4472-9291-85bad8eeb1b6,2025-09-19T15:00:11.605938,completed,"""Everyone is entitled to his own opinion, but not his own facts."" ---- Daniel Patrick Moynihan All schools should attempt to teach students facts. Give the students, as they mature, the ability to reach their own opinions based upon those facts.",opinion,FAVOR,Facts,neutral,1,"The explicit target in this text is:

**Facts**

This is clearly mentioned and directly referenced multiple times in the text."
d996a36d-50c4-4c34-b64b-a25a3d4eed40,2025-09-19T10:51:15.254593,completed,"""... the development of a ratings system is a complex and massive - but not impossible - undertaking"": Well, this gets two out of three right. ""I commend President Obama and his administration for tackling this difficult endeavor"": Being nice to them might be a smart career move, but it isn't going to do SUNY any good. ""I ... encourage my colleagues across the country to seek out an active role in the process."" The administration has already told your colleagues how much it values their input; you echo that message when you write ""whether we like it or not.""",rating systems,FAVOR,Speaker's approach,negative,3,The speaker's approach to addressing the ratings system and SUNY's involvement.
e61f1560-2f10-429b-a967-b09206d3e8e9,2025-09-19T14:53:27.393414,completed,"""Even beauty and mommy blogs and movie review websites are littered with the scourge of the earth, desperately seeking attention."" On the other side, TV shows, websites and even, yes this site, reward people for their comments and/or tweets be they nasty or nice. The comments are free content for the sites - they don't have to pay people when they lift what they want out of them. So if you kill the comments, what will replace them? Actual paid professional writers? OMG!!! YES PLEASE!",comment sections,AGAINST,Commenters who post attention-seeking content,negative,6,Commenters who post attention-seeking content on websites that do not compensate them for their contributions.
e7a3e776-8906-43b1-8b23-403133e36982,2025-09-19T14:31:33.159744,completed,"""Economists do certainly over-reach sometimes. We tend to apply the lens of economic efficiency to situations where many people apply the lens of fairness."" I get a kick out of economists believing that real live humans are rational economic actors. Really?",economists,AGAINST,Economists' assumption that humans behave rationally,negative,5,Economists' assumption that humans behave rationally in economic contexts is based on flawed methodological individualism
e7bbe372-080b-4f37-b74f-73cb0272625d,2025-09-19T11:59:39.761315,completed,"""All the medical evidence points to the fact that it's nearly impossible to keep off weight once lost. The body just won't let you."" This is incorrect, and could lead to fatalism that could harm people who are overweight. For example, I lost 70 pounds. That was at least a year ago. It has not come back. It is easy to keep off. The studies to which you refer examine calorie restriction diets, which do not work because they induce a starvation-like state that leads to metabolic changes. Changing the *types* of foods we eat is far more productive. There's evidence that eliminating wheat alone will reduce the number of calories people eat by an average of 300 a day. Exercise has also been shown to help prevent the return of weight, though it isn't useful as a weight loss tool. Sadly, what is known today is far different from the older diet and exercise advice that many still follow.",diet,FAVOR,Weight Loss,Negative,3,"The claim that ""the body just won't let you"" keep off weight once lost"
e9d43413-42e6-4528-817b-f3c54951c669,2025-09-19T15:15:26.229414,failed,"""From beginning to end, I believe the Bible is the infallible word of God and I accept it in whole, not in part. As such, I believe the Bible is clear that homosexuality is a sin."" Is it clear? The ancient Israelites inherited a law that homosexual acts (particularly outside of a straight marriage) were sinful, but the rest of the Bible is silent on gay and lesbian people in committed relationships, or possibly it even hints at approval in the story of David and Jonathan. Anti-gay theology is a clear case of the very slicing and dicing that ultra-conservatives claim to abhor. Anyway, a people who accepted the whole Bible would have a lot of child-murder to do. Clearly even ultra-conservative Christians don't take the ancient laws at face value. If they did, then they might be allowed to claim religious liberty as an excuse to preach that gays exist outside of God's plan for humanity. But because they don't, and because the whole Bible is not clear on the subject, this boils down to a belief held by a group of people. We typically don't tolerate bigoted beliefs, sincere though they may be.",homosexuality,AGAINST,invocation_error,invocation_error,0,
f429115f-7782-4cb7-8fa6-b206a62db438,2025-09-19T13:11:34.356524,completed,"""But it is not an indication of widespread issues with how the almost 800,000 law enforcement officers throughout the United States use force."" Really? In March, US Police killed more people (111) than have been killed by police in the UK (52) for entire 20th century. But this isn't a problem?",police,AGAINST,Police Use of Force,negative,3,"Widespread issues with how law enforcement officers use force, specifically in terms of fatal shootings and international comparisons."
f70275bc-6da5-4acd-817c-e0a44532a43c,2025-09-19T11:01:32.485914,completed,"""...as was President Bill Clinton's cruise-missile barrage against Osama bin Laden after the embassy bombings in Africa in 1998."" Yep, that showed him. We didn't hear from bin Laden again for what, three years? And, even assuming that we indulge this fantasy of yet another war -- what? More nation building? Like those shing bastions of democracy: Iraq, Afghanistan, Libya? We've been soooooo good at that in the middle east. More doing the same thing over and over, and expecting different results. I have no idea what the solution in the middle east is, and frankly, even with all of your expertise Mr. Gerecht, neither do you. But the first step towards sanity is recognizing that we have to have new solutions because the old ones haven't worked.",middle east,AGAINST,US military intervention in the Middle East,negative,4,US military intervention in the Middle East under the pretext of a single event (embassy bombings) or as a means of nation-building
f919e173-95f1-4719-8240-937688ee3a24,2025-09-19T12:53:29.908962,completed,"""But as a Christian, I don't have the luxury or authority to slice and dice (though some try) and adhere to only those passages of the Bible that are culturally acceptable. From beginning to end, I believe the Bible is the infallible word of God and I accept it in whole, not in part. As such, I believe the Bible is clear that homosexuality is a sin."" Hogwash! Bushwah! You're just another hypocritical Salad Bar Christian, going after the ""icky"", sinful gays while ignoring the rest of those on the almost endless list of ""sinners"" in your Bible. A partial list includes: the rich, people with tattoos, people who eat shellfish, or cut their hair, or women who speak up in church, or blasphemers, liars, those who covet, or judge, or eat fat, or drink alcohol in holy places (more communion wine, anyone?), pork-eaters (extra sausage on that large pizza, sir?), people who touch pork, or work on Sunday, yada, yada. Go hide your delusional light under a bushel, sir!",christians,AGAINST,Homophobic Christians,negative,6,The speaker's selective interpretation and application of biblical teachings to justify their views on homosexuality while ignoring other perceived sins listed in the Bible.
fdf79e47-e0ce-4bb4-9082-17880f4b2ddd,2025-09-19T13:02:38.204688,completed,"""But as a Christian, I don't have the luxury or authority to slice and dice (though some try) and adhere to only those passages of the Bible that are culturally acceptable. From beginning to end, I believe the Bible is the infallible word of God and I accept it in whole, not in part. As such, I believe the Bible is clear that homosexuality is a sin."" What this man doesn't realize is that he is saying that it's a sin to be born, making it a sin to live a life no matter what, which I find to be preposterous. It is simply an antiquated view that is taught in varying degrees by various religions and only serves to keep people divided by ignorance. It teaches non-acceptance of anyone that doesn't share their particular view and causes them to try to deny others to have the same rights as they do. The bible can't be used to try to justify their actions nor the harm that it has caused others to have to endure.",christians,AGAINST,Biblical Authority,negative,8,"The speaker's assertion of biblical authority and its implications for social attitudes towards marginalized groups, particularly in relation to sexual orientation."
