post,new_topic,label,target1,target2,target3,stance,sim1,sim2,sim3,best_target
""" Congress should delay the law for a year...""? Tell that to my niece whose 17 month old toddler has just been diagnosed with a rare disease that will need years of medical care. Without the provisions in the new health care law, this family would be facing bankruptcy. I prefer living in a nation where we have the decency to realize that health care is a right. Obviously those who seem to be objecting to the new health care law have never faced what 30 million people face in our country every day. For them another year's delay is life or death.",health care law,FAVOR,healthcare law,medical bankruptcy,human rights,FAVOR,0.9575333760246865,0.7330852785795238,0.646157591497449,healthcare law
""" Suffice it to say that the reinstitution of happy hour, with its drunken hordes stumbling forth onto Illinois' roads, is not likely to make Illinois' roads safer."" I am against drunk driving, and I think alcohol is a truly rotten drug. But it does not ""suffice to say"" that reinstating happy hour will make the roads less safe. Laws that protect public safety have to be based on actual data. Not on the moral projections we think are obvious in our heads.",happy hour,AGAINST,drunk driving,happy hour,public safety,AGAINST,0.556533142304251,1.0000000000000002,0.5603377325693748,happy hour
"""... the development of a ratings system is a complex and massive - but not impossible - undertaking"": Well, this gets two out of three right. ""I commend President Obama and his administration for tackling this difficult endeavor"": Being nice to them might be a smart career move, but it isn't going to do SUNY any good. ""I ... encourage my colleagues across the country to seek out an active role in the process."" The administration has already told your colleagues how much it values their input; you echo that message when you write ""whether we like it or not.""",rating systems,FAVOR,ERROR,ERROR,ERROR,UNABLE_TO_DETERMINE,0.10585350592189631,0.10585350592189631,0.10585350592189631,ERROR
"""...Facebook gets a bad rap; it didn't cause the cheating. It just made it more convenient to do (and perhaps easier to catch)."" Hmm, call me crazy, but Facebook shares some of the responsibility -- does it not? It's like refusing to assign blame to gun dealers and drug dealers. They increase accessibility to illicit materials, which essentially furthers the end goal of usage. Now, this isn't to suggest that Facebook is entirely at fault, but it does play an active role.",facebook,AGAINST,facebook impact,cheating convenience,responsibility sharing,AGAINST,0.6569973854858531,0.48374492368875677,0.5390532006987361,facebook impact
"""...as was President Bill Clinton's cruise-missile barrage against Osama bin Laden after the embassy bombings in Africa in 1998."" Yep, that showed him. We didn't hear from bin Laden again for what, three years? And, even assuming that we indulge this fantasy of yet another war -- what? More nation building? Like those shing bastions of democracy: Iraq, Afghanistan, Libya? We've been soooooo good at that in the middle east. More doing the same thing over and over, and expecting different results. I have no idea what the solution in the middle east is, and frankly, even with all of your expertise Mr. Gerecht, neither do you. But the first step towards sanity is recognizing that we have to have new solutions because the old ones haven't worked.",middle east,AGAINST,osama bin laden,middle east,new solutions,AGAINST,0.5609738564457948,0.9999999999999998,0.5817549547706745,middle east
"""...one must ask how much money they must make to demonstrate that they are among the best managed companies on the planet."" They must make enough money to insure that they can never fail and threaten the stability of the worlds economy again. That much money.",stability of the economy,NONE,ERROR,ERROR,ERROR,UNABLE_TO_DETERMINE,0.07762012195789754,0.07762012195789754,0.07762012195789754,ERROR
"""...the need to build attractions outside the casinos..."". Attractions bigger and better than the Atlantic Ocean and beaches?. In other locales, the shore experience is sufficient to sustain a viable local economy. Perhaps the emphasis on gambling and not a family friendly environment led to an unsustainable business model, just as occurred at the Meadowlands horse track. Casinos are no panacea for the decline of aging urban areas.",casino,AGAINST,family environment,business model,economic growth,FAVOR,0.43179544039336704,0.4215711024774813,0.39015997636767097,family environment
"""...tipping motivates people who work long, busy hours catering to the needs of others. It's the best way to ensure optimal service..."" By this logic anyone who works long, busy hours catering to the needs of others should be tipped. Tip the doctor. Tip the grocery clerk. Tip the airline counter agent. Tip the airline pilot. Etc. I fail to see why those whose particular service happens to be delivering plates of food warrant their own method of compensation. One that puts an onus of extra calculation and deliberation on every single customer, every time they sit down to eat and relax. Thankfully, most other services in this world are one-price to the customer. It's left to the employer to do the work of assessing whether the employee is providing good service.",good service,FAVOR,long hours,tip service,one price,NEUTRAL,0.6840132932010192,0.7966856502805262,0.7235975155947266,tip service
"""...type a test essay, press a button and wait for a computerize algorithm to give him a score."" That should be either 'computer' algorithm or 'computerized' algorithm. ""He was devastated when the operating system didn't like what he wrote, elated when it did."" The operating system liked or disliked nothing; it hosted the program that did all the liking etc. No wonder the author doesn't like standards in writing and complains about algorithms, it all is quite confusing to him apparently.",computer,NONE,computer algorithm,operating system,writing standards,AGAINST,0.5506067251419798,0.5571750339853588,0.41507558097110897,operating system
"""...wait some period of time to ensure that the felon has actually turned over a new leaf."" The release from prison after having met all the criteria for the sentence affirms their debt to society has been met, but you want to impose more? Pray tell, how does one satisfy the ""new leaf"" criteria? How long does it take? All Mr. Clegg's position does is try to justify a limitation on earned freedom. Our Founding Fathers would find that unconscionable.",felon,FAVOR,turn new leaf,earned freedom,founding fathers,AGAINST,0.5724127526678099,0.5816738981032719,0.43818610798824204,earned freedom
"""75 percent of the students passed their courses with a C or better"" Who awards the grades? The same teacher who sets the curriculum? Online courses are easier on teachers; do teachers not have an interest in making them appear successful? And what are the grades based on? Online exams taken on the honor system? Does the author believe that these students haven't opened a new window to consult google, Wikipedia or any other online source? How do online students compare with classroom students on objectively assessed test, like the AP exams?",online classes,AGAINST,student grades,teaching quality,online learning,AGAINST,0.6370086270780253,0.6581634457812162,0.8073928826564689,online learning
"""A revivified C.I.A. is necessary today to fight against radicalism, militancy and the forces of anarchy that threaten the region from Bangladesh to Morocco."" Mr. Nawaz, the CIA is one of the biggest contributors to radicalism and wars. Your own country of origin is exhibit 1.",the c.i.a. is necessary,FAVOR,radical extremism,cia involvement,country origin,AGAINST,0.4793357169611997,0.4982089497158184,0.11019750911048191,cia involvement
"""All the medical evidence points to the fact that it's nearly impossible to keep off weight once lost. The body just won't let you."" This is incorrect, and could lead to fatalism that could harm people who are overweight. For example, I lost 70 pounds. That was at least a year ago. It has not come back. It is easy to keep off. The studies to which you refer examine calorie restriction diets, which do not work because they induce a starvation-like state that leads to metabolic changes. Changing the *types* of foods we eat is far more productive. There's evidence that eliminating wheat alone will reduce the number of calories people eat by an average of 300 a day. Exercise has also been shown to help prevent the return of weight, though it isn't useful as a weight loss tool. Sadly, what is known today is far different from the older diet and exercise advice that many still follow.",diet,FAVOR,weight loss,food types,calorie intake,FAVOR,0.5425669232064453,0.6127985143330542,0.5315430887796249,food types
"""An American parent could reasonably decide not to follow the C.D.C.'s current vaccination schedule by choosing to vaccinate on the schedule they use in Norway, which has one of the lowest infant mortality rates in the world."" You don't come close to explaining how it's ""reasonable"" for a parent to second guess the CDC's recommended schedule. Do you have actual evidence that the potential risk of infant vaccines outweighs the risk of the diseases they prevent? It seems not.",child vaccine,FAVOR,covid vaccine,cdc guidelines,vaccine risks,AGAINST,0.8493964133921423,0.4706030020856249,0.6647867984961524,covid vaccine
"""Any nation wishing to declare independence should meet three essential elements: a strong central government, control of defined territory and security."" Is the Author suggesting that Israel doesn't fulfill the requirements for being a State? Israel barely fulfills any of the three requirements the Author considers ""essential elements"" for being a State: 1. Strong Government - Israel has a history of weak coalition governments, with the major parties hostage to extremist fringe minor partners. 2. Defined Borders - What are Israel's borders? '67 Armistice Lines? East Jerusalem? Settlements? 3. Security - The Israeli government keep claiming that Israel is under constant existential treat from its neighbors. PS Israel fulfilled non of these requirements when it was declared a State by the UN.",israel,AGAINST,israel state,defined borders,security threats,AGAINST,0.5885609347333263,0.48505456353703486,0.43565528051620694,israel state
"""Are research papers a waste of time?"" Absolutely not! The internet may give students and scholars easy access to sources, but many of these sources are flawed or unreliable in some way. Now more than ever, students need to know how to sift through information to find reliable sources and well-constructed arguments. Writing a research paper is still the best way to do this. Select a paper topic that you find interesting or important. Read and evaluate 10-15 reputable sources related to your topic, and then build an argument that engages with and contributes to this existing research. This might not be the most exciting assignment in the world (depends on the topic, I suppose) but it teaches skills that every college graduate should have. Really, every high school graduate ought to have this training as well. But let's not ask for the moon!",research,FAVOR,internet sources,research papers,college graduates,NEUTRAL,0.5770428480074864,0.641049950884394,0.46286762762103734,research papers
"""Ask teachers who have been at it for a decade or more if they were better in their first year or their tenth. The resounding answer -- at least from those who love teaching -- will be that their years of experience made them so much better that they often feel sorry for the kids who were in their class that first year."" Of course, one might ask for some data in lieu of the directive to the reader to conduct a survey, but perhaps more glaring is the assumption that the ""experienced"" teachers are in a position to know. Are they disinterested so as to be in a position to judge? Isn't their response likely to be purely subjective? Formerly a college professor, I rarely have met a high school teacher who I thought was sufficiently educated in his or her subject to be teaching it. I would say a masters degree in the field doesn't cut it, certainly not at the high school level, and a degree in ""Education,"" of any sort, from BA to PhD, definitely doesn't qualify anyone to teach at any level, from kindergarten to graduate school.",teacher,FAVOR,teacher experience,subject expertise,educational qualifications,AGAINST,0.6221974412371649,0.5872366979473606,0.4784716732682566,teacher experience
"""Assad has been key to its [ISIS] rise in Syria and beyond."" I beg to differ. Saudi Arabia and Qatar, at the behest of the US State Department and encouraged by neocon PNacers, have been key to the rise of ISIS. When Mr Hassan introduces as a fact a proposition that is not factual, I feel free to discount his opinion.",isis,AGAINST,isis rise,saudi support,state department,AGAINST,0.702267712969268,0.49474937314359607,0.3993289165359743,isis rise
"""Assuming an unpaid internship is mutually beneficial and entered into freely by both parties, should such arrangements be illegal? "" Just because we young people constitute a ""willing party"" when entering into an internship doesn't mean we are actually ""willing"". We simply have no choice. After all, for the ambitious among us, what's the alternative? Unless you have your sights on a career in venture capitalism/finance/etc., non-remunerated internships are all we know.",unpaid intenship,AGAINST,unpaid internship,no choice,young people,AGAINST,0.8623179574837228,0.5711852978367153,0.5786347941365163,unpaid internship
"""Atlantic offshore exploration and development could add $23.5 billion to the U.S. economy, create 280,000 jobs, generate $51 billion in state and federal revenue and produce an additional 1.3 million barrels of oil equivalent per day."" And how many tons per day of carbon dioxide into the atmosphere? Just a thought. Just another thought: How about we leave something in the ground as a legacy for our great great grandchildren and in the meantime, tighten our belts and initiate other ways of doing what we need to do? Larry Lundgren has an excellent suggestion below, and there are many more. Let's think about emerging out of the Age of Petroleum into what must come next if we are to survive on this planet.",offshore exploration,FAVOR,oil economy,carbon emissions,fossil fuels,AGAINST,0.5929890100958646,0.6676032466034778,0.7010752828737933,fossil fuels
"""Barring a drastic improvement in efficiency, tuition-free colleges won't have the resources to serve additional students without compromising the quality of their offerings."" Improvement in efficiency is key here. Certification provides jobs, and social improvement provides purpose. They are different, society benefits when people are working in a rapidly changing job culture. The individual benefits from better communication, cultural growth and personal recognition. Society has an obligation to pay for its own growth - certification for work. ""Despite free tuition, just one-third of students from the bottom income quartile who started at a community college in 2003 finished a degree or certificate by 2009."" What on earth is a bottom income quartile student? These are people who need doable steps. If this interferes with the ability to obtain a self-supporting job, society pays. Society pays and pays and pay when people can't care for themselves.",college,AGAINST,tuition free,job culture,society pays,AGAINST,0.5452746520461333,0.5771513972324362,0.3565900576410749,job culture
"""Because I can do the best work of my career there."" I think that constitutes fun, or at least satisfaction. Any company that PREVENTS employees from working productively, despite increasing demands upon said productivity - misery all around. I don't care about fancy gyms, I want respect and efficiency. And yes, not to drop dead at age 50 from a heart attack.",productivity,FAVOR,career satisfaction,company culture,work environment,FAVOR,0.5733172194910092,0.6768693063999783,0.6903798300529065,work environment
"""But I certainly would fire any of my employees who would consider flag-burning as an act of defiance. It's not. It's childish and immature behavior, and those who would do such a thing would be unworthy of public employment."" Actually, I once told my wife that if an amendment were actually passed banning flag-burning, I would burn one the next day on the steps of the Supreme Court. It's not necessarily an act of childish defiance; it can be an all-in statement of what is important about this country. By the way, flag-burning is required by law. Last time I looked, it was the only proper way to dispose of a flag too worn to be flown any more.",flag burning,FAVOR,flag burning,public employment,national pride,AGAINST,0.9999999999999998,0.5150214914449628,0.6437423576046053,flag burning
"""But I strongly reject the oft-heard accusations from the Left that opposition to whatever identity-politics goal it pursues can only be based in hate."" In the case of religion-based homophobia, you have a point. I expect that in many cases it is based not in personal hate, but rather in the alternative evil of ""I was only following orders.""",political hate,AGAINST,identity politics,following orders,personal hate,AGAINST,0.6281349538903527,0.5363510158098568,0.8346055143904337,personal hate
"""But as a Christian, I don't have the luxury or authority to slice and dice (though some try) and adhere to only those passages of the Bible that are culturally acceptable. From beginning to end, I believe the Bible is the infallible word of God and I accept it in whole, not in part. As such, I believe the Bible is clear that homosexuality is a sin."" Hogwash! Bushwah! You're just another hypocritical Salad Bar Christian, going after the ""icky"", sinful gays while ignoring the rest of those on the almost endless list of ""sinners"" in your Bible. A partial list includes: the rich, people with tattoos, people who eat shellfish, or cut their hair, or women who speak up in church, or blasphemers, liars, those who covet, or judge, or eat fat, or drink alcohol in holy places (more communion wine, anyone?), pork-eaters (extra sausage on that large pizza, sir?), people who touch pork, or work on Sunday, yada, yada. Go hide your delusional light under a bushel, sir!",christians,AGAINST,salad bar,sinners list,bible passages,AGAINST,0.3713797888279815,0.5323558186309838,0.4574967990528302,sinners list
"""But as a Christian, I don't have the luxury or authority to slice and dice (though some try) and adhere to only those passages of the Bible that are culturally acceptable. From beginning to end, I believe the Bible is the infallible word of God and I accept it in whole, not in part. As such, I believe the Bible is clear that homosexuality is a sin."" What this man doesn't realize is that he is saying that it's a sin to be born, making it a sin to live a life no matter what, which I find to be preposterous. It is simply an antiquated view that is taught in varying degrees by various religions and only serves to keep people divided by ignorance. It teaches non-acceptance of anyone that doesn't share their particular view and causes them to try to deny others to have the same rights as they do. The bible can't be used to try to justify their actions nor the harm that it has caused others to have to endure.",christians,AGAINST,born gay,harm others,divide people,AGAINST,0.5062515051375525,0.39088800007109653,0.4167581040426318,born gay
"""But it is not an indication of widespread issues with how the almost 800,000 law enforcement officers throughout the United States use force."" Really? In March, US Police killed more people (111) than have been killed by police in the UK (52) for entire 20th century. But this isn't a problem?",police,AGAINST,police violence,us police,law enforcement,AGAINST,0.5566565578206828,0.8230911446794739,0.7330338557438846,us police
"""But let's start with the basics. Any nation wishing to declare independence should meet three essential elements: a strong central government, control of defined territory and security. The Palestinian Authority does not yet meet any of them."" Historians would strongly disagree with you. Around sometime late eighteenth century some thirteen odd British colonies did ""declare independence"" without any resemblance of ""strong central government"" with its territory controlled by the British. Today a certain French foreign minister called it a ""hyper-power"" and not a ""failed state"". Please check upon a historian or read up your history. Trust me! It is true!!",palestinian authority,AGAINST,declare independence,strong central government,company performance,AGAINST,0.5544452917454229,0.6286878045903511,0.46093930261432214,strong central government
"""Casino taxes and development revenue from the city's three casinos generate about $11 million a month for Detroit."" And where does this revenue come from? Thin air? The writer has to know this is a negative sum game, not even a zero sum game. For every dollar the city takes in, you can be sure the casino operators take at least five. The people who spend this money are overwhelmingly those who can't afford it, so that the 11 million they get back in services is less than what they lost in the first place. At the end of the day, the casino ends up making no new product, or service, other than escapist entertainment. But, but, but, you say, the casino puts the money back in the community. I bet. See the piece by Professor Simon on Atlantic City. Maybe the money does come out of thin air -- Canadians and non-Detroiters. Well that's great. Here you go, Paul. Sorry, Peter.",casino revenues,AGAINST,casino revenue,negative sum game,community impact,AGAINST,0.8742436886558816,0.5537475947571251,0.6316888723365508,casino revenue
"""Christians aren't trying to control the culture by means of force."" Cute, coming from an Evangelical who would use the brute force of government to deny gay couples the legal right to a same-sex marriage. I am a church-going Christian who is morally repelled by his dishonesty.",a harmful atmosphere for gays,AGAINST,same sex,church leaders,legal rights,AGAINST,0.45720023528177084,0.48918624800291144,0.433860197686684,church leaders
"""City officials and cycling advocates say that the expanded network has already proved successful, increasing riders' safety while promoting a greener means of urban transportation. Opponents complain about the loss of parking and unloading space, as well as constricted traffic."" Well, then, I would say it's already a success on both counts!",bike safety,FAVOR,urban cycling,parking spaces,traffic congestion,FAVOR,0.7744332986622354,0.4947293213598299,0.6213360383119269,urban cycling
"""Civilians and even humanitarian workers are afraid to assist victims for fear they may be killed in a second strike."" It's worth pointing out that attacking people trying to assist victims in a second strike is a violation of the First Geneva Convention, which the United States has signed. This rule was put in place specifically to prevent the kind of situation where an attack has occurred, medics try to rescue the wounded, and somebody just starts killing medics. That means that anyone ordering those sorts of strikes (which are definitely happening) is a war criminal.",victim,AGAINST,war crimes,humanitarian crisis,second strike,AGAINST,0.4767334772275962,0.3508363602782645,0.5526741364645789,second strike
"""Congress should stop Obamacare before it starts, and focus on common-sense solutions that can reduce health care costs for all Americans."" Except that we never seem to see what these ""common-sense solutions"" might actually consist of. As a liberal who opposed Obamacare because it's not what we really need--which is socialized medicine, by whatever name you might want to call it--I'm certainly all ears for other solutions. But I never see anything viable coming from the modern Right, just some mealy-mouthed phrases that camouflage their intent to do nothing at all. And why should we? The heart of Obamacare, the individual mandate, originated at the Heritage Foundation. Obama enacted a tweaked version of the GOP plan for healthcare reform and no one hates it more than the GOP.",obamacare,AGAINST,socialized medicine,obamacare impact,reform efforts,FAVOR,0.7020814276750236,0.6522230788952603,0.4724484646836041,socialized medicine
"""Continuing with the I.M.F.-E.U. imposed budget austerity measures risks condemning Greece to several more years of economic misery."" Austerity hasn't worked, it isn't working and it ain't gonna work in several more years. At some point, of course, the Greek economy will recover, even carrying the burden of austerity. But as Maynard Keynes wisely observed, ""In the long run we are all dead.""",greece 's,AGAINST,budget measures,economic misery,austerity doesn't,AGAINST,0.4995498614441863,0.4182306598467797,0.3078593253422458,budget measures
"""Democracy is coming / to the USA."" - Leonard Cohen. COMMENTS are a major factor in this democratization, although, yes of course, each site needs a moderator to keep the conversation level and the tone constructive. Only an authoritarian sinecure of the MSM will argue otherwise.",comment sections,FAVOR,democratization,moderator role,media bias,FAVOR,0.552985232479325,0.629276446769408,0.6592084089980272,media bias
"""Despite consistently high popular support for legalization, Congress has failed to act."" I keep reading this bogus claim peddled by pro-amnesty enthusiasts about enormous support for ""legalization"" of illegal immigrants, but have yet to see any evidence of it. As a matter of fact, the reverse is true as proven by the rise of Trump and other politicians who are campaigning against illegal immigration. Why does the NYT keep publishing this falsehood?",illegal immigration,AGAINST,illegal immigrants,legalization support,nyt bias,AGAINST,0.8348018085726061,0.7520826646641035,0.634569021700743,illegal immigrants
"""Do Immigrants Take Jobs From American-Born Workers?"" seems to imply those jobs belong to native-born workers by right. That's an interesting perspective, particularly given how America advertises itself as a meritocracy, where the jobs go to the hardest working and most skilled. Mr. Camarota is re-treading the same arguments raised by 19th century Know-Nothings. America has not imploded from immigration since then. Successive generations of nativists have frothed about Irish, Italians, Polish, Chinese immigrants coming to steal American jobs. Yet America has became a superpower in those years. So is immigration really killing the job market? Or maybe we should look instead at what's different now? Perhaps the more significant cause of the decline in employment opportunities is because jobs are being shipped to countries like China or Sri Lanka? Or perhaps it's because there is a lack in upwards social mobility through failing public education and rising costs of higher education?",immigration,FAVOR,American workers,immigration impact,job market,NEUTRAL,0.25775114592058496,0.6697238127672362,0.6424430363256118,immigration impact
"""Do tenure's job protections prevent bad teachers from being fired or do they provide for greater stability for low-paid faculty?"" It is a myth that teachers are low-paid, at least in the Northeast. In my school District in CT, the average pay of all Board of Ed employees, including teachers, is $60k, and the benefits packages are $20k each. That's $80k in compensation, plus summers off. Plus a handsome pension. That may not be in the 1%, but it sure ain't starvation wages. Most teachers have markedly higher incomes that the taxpayers who are paying their salaries. For wages that high, some accountability is in order.",tenure,AGAINST,teacher pay,job protections,public funding,FAVOR,0.5478488237207119,0.5461631905806604,0.6066780194994968,public funding
"""Economists do certainly over-reach sometimes. We tend to apply the lens of economic efficiency to situations where many people apply the lens of fairness."" I get a kick out of economists believing that real live humans are rational economic actors. Really?",economists,AGAINST,economic actors,rational humans,fairness matters,AGAINST,0.7405620839207304,0.7383530578348092,0.4803196744929073,economic actors
"""Enrollees could select health plans that meet their needs, instead of the needs of politicians and lobbyists. They could choose innovative plans . . ."" As people age, although perhaps Mr. Cannon has not yet met any senior citizens so doesn't realize this, they have difficulty making decisions. They would probaly need to depend on someone who would easily target them to take advantage of them, as happens all the time. This approach strikes me as mean, callous, thoughtless. Medicare works.",medicare,FAVOR,health plans,senior citizens,medicare works,FAVOR,0.5059438754485912,0.44403464439804236,0.49194125901195723,health plans
"""Enrollees could select health plans that meet their needs, instead of the needs of politicians and lobbyists."" The needs of the enrollees are that they get the medical attention they need, when they need it, for as long as they need it. Don't try to ""divide and conquer,"" to separate the might-be diabetics from the active outdoorspeople from the folks who cross the streets used by cars. In short, you have no idea which camp you fall into until your appendix bursts or you have a stroke from a congenital aneurism no one could tell you had or you get mugged and knifed on vacation in a strange city. ""They could choose innovative plans that provide the coordinated care, information technologies, effectiveness research and safer medicine Medicare has promised but failed to deliver."" Who DOESN'T deserve to get these plans? Why can't this be the baseline of our national healthcare system? What alternative would YOU choose that didn't meet these guidelines? C'mon, get real. Is this proposal the dictionary definition of what people call ""straw man"" arguments?",medicare,FAVOR,health needs,care coordination,straw man,FAVOR,0.4202154005022937,0.5476193568846113,0.3141405545098423,care coordination
"""Establishing it as a third legal drug, along with tobacco and alcohol, will increase drug abuse, including the expanding opioid epidemic."" Well, if the problem is that legalizing Marijuana will make for three legal drugs...then why don't we make tobacco illegal, or alcohol. Both of those drugs have vastly more deaths attributed to them than marijuana ever has. Hate these scare tactics.",marijuana legalization,FAVOR,drug abuse,opiod epidemic,scare tactics,AGAINST,0.6555973258456284,0.7554905329415557,0.6320501066629166,opiod epidemic
"""Even beauty and mommy blogs and movie review websites are littered with the scourge of the earth, desperately seeking attention."" On the other side, TV shows, websites and even, yes this site, reward people for their comments and/or tweets be they nasty or nice. The comments are free content for the sites - they don't have to pay people when they lift what they want out of them. So if you kill the comments, what will replace them? Actual paid professional writers? OMG!!! YES PLEASE!",comment sections,AGAINST,free content,paid writers,user rewards,AGAINST,0.6608486646245837,0.6824381349029236,0.676463649933571,paid writers
"""Everyone is entitled to his own opinion, but not his own facts."" ---- Daniel Patrick Moynihan All schools should attempt to teach students facts. Give the students, as they mature, the ability to reach their own opinions based upon those facts.",opinion,FAVOR,own facts,school quality,student learning,FAVOR,0.5843096245839029,0.49761741218937117,0.3554264062863174,own facts
"""First, free college isn't free, it simply shifts costs from students to taxpayers and caps tuition at zero. That tuition cap limits college spending to whatever the public is willing to invest. But it does not change the cost of college, or what institutions actually spend per student."" Yes it does... you can't spend more than you have, just a simple fact. Public education would likely be cheaper on a per student basis than the private version. Classes would be larger, dorms less nice, with less landscaping on the lawns. I don't think that's necessarily bad. I think the current system is actually the worst of all worlds - a loan and financial aid system that effectively allows colleges to charge each student the absolute maximum of what they're able to pay, with public subsidies helping increase the price further.",the current financial aid system,AGAINST,free college,college spending,public education,AGAINST,0.4528542097818428,0.516276881626658,0.49141191545612767,college spending
"""First, free college isn't free, it simply shifts costs from students to taxpayers""......The argument ignores the fact that students become tax payers. It has been shown that people with a college degree on average have significantly increased earnings over their life time; and further that the increased taxes collected on those earnings off sets the cost of their education several fold. The economic argument fails. College is a good public investment.",college,FAVOR,free college,tax payer,public investment,AGAINST,0.7072853411060565,0.4730299610105163,0.45884139683782116,free college
"""Forcing people to participate who do not want to does nothing to get at the underlying substance of democracy."" Amen. In fact, it seems anti-democratic to mandate participation. One of the greatest freedoms is the freedom to be left alone.",forcing people to participate,AGAINST,participation force,mandate choice,democracy freedom,AGAINST,0.10239960839990568,0.19240152040045333,0.43915950735672843,democracy freedom
"""From beginning to end, I believe the Bible is the infallible word of God and I accept it in whole, not in part. As such, I believe the Bible is clear that homosexuality is a sin."" Is it clear? The ancient Israelites inherited a law that homosexual acts (particularly outside of a straight marriage) were sinful, but the rest of the Bible is silent on gay and lesbian people in committed relationships, or possibly it even hints at approval in the story of David and Jonathan. Anti-gay theology is a clear case of the very slicing and dicing that ultra-conservatives claim to abhor. Anyway, a people who accepted the whole Bible would have a lot of child-murder to do. Clearly even ultra-conservative Christians don't take the ancient laws at face value. If they did, then they might be allowed to claim religious liberty as an excuse to preach that gays exist outside of God's plan for humanity. But because they don't, and because the whole Bible is not clear on the subject, this boils down to a belief held by a group of people. We typically don't tolerate bigoted beliefs, sincere though they may be.",homosexuality,AGAINST,infallible word,anti gay,bigoted beliefs,FAVOR,0.6079691446163501,0.6294120228079058,0.7110686432983737,bigoted beliefs
"""From beginning to end, I believe the Bible is the infallible word of God and I accept it in whole, not in part."" Ah, yes. So given that God's word in the Bible is infallible, we should be putting gay people to death, right? ""God gave them over to shameful lusts. Even their women exchanged natural sexual relations for unnatural ones. 27 In the same way the men also abandoned natural relations with women and were inflamed with lust for one another...Although they know God's righteous decree that those who do such things deserve death, they not only continue to do these very things but also approve of those who practice them.""",a harmful atmosphere for gays,AGAINST,God's word,gay people,death penalty,FAVOR,0.46880198349398,0.5685352693438502,0.4996776025878919,gay people
"""Greece should have defaulted on its debt back in 2010 and left the euro zone."" It should indeed have done so and it should do so now. There is simply no way that the austerity prescribed for Greece by the Troika can do other than drive the country to economic suicide. This outcome is already proven by the experience of the Austerity so far. Leaving the debt behind does not require heroic assumptions about ""highly efficient and productive in order to survive in a globalized environment"". To my mind it is a risk worth taking by the Greek people; in the famous words of Margaret Thatcher ""There is No Alternative (TINA)"".",euro,AGAINST,euro zone,economic suicide,no alternative,AGAINST,0.3101544186844511,0.18005301870795967,0.21873696676099544,euro zone
"""Has NATO Outlived Its Usefulness?"" Too bad nobody asked the question around the time that the Berlin Wall fell and the Soviet Union dissolved, outcomes that in should have meant ""Mission Accomplished"". Instead, NATO continued its life as a military alliance looking for a mission, which is a dangerous thing. It was all too convenient to use it in the wake of 9/11 to respond to the attack by 19 individuals and their supporting cult by blunt military means. Instead, intelligence (in both senses), international police work and special forces when needed would have been more appropriate, more economical in lives and treasure, and more effective.",nato,AGAINST,military alliance,usefulness question,intelligence efforts,AGAINST,0.5233297709666516,0.23868401126161265,0.20301223695965256,military alliance
"""Have Christians created a harmful atmosphere for gays?"" Yes. Given that the rants and rages against Gays always seem to come from Christians or Muslims, and that no one else seems to be as upset by their existence, they have indeed created an atmosphere of hate.",a harmful atmosphere for gays,AGAINST,gay hatred,christian rants,harmful atmosphere,AGAINST,0.6117579578858842,0.605486989390063,0.5134471087516721,gay hatred
"""I -... - would not support the idea if I doubted our ability to put environmental safeguards in place."" Putting ""environmental safeguards"" in place and preventing disasters are not the same thing. Standard, well intentioned engineering practice in oil production, refining, and transport includes safeguards like double and triple redundant fail safe systems. Still, engineered systems fail and all too recently we've had well-head blowouts (Deep Water Horizon), refinery explosions and fires, and oil transport disasters ranging from pipeline ruptures to tank train derailments to the Exxon Valdez. Imagine a perfect storm situation off Virginia Beach where a well head blowout coincided with a Hurricane Sandy. Crude oil from the Chesapeake to Iceland and a potentially mortal blow to already fragile shore communities and fisheries along the way. The only way to be 100% sure that the East Coast won't suffer catastrophic damage from oil production is to outlaw the outlandishly risky exploitation of hydrocarbons in our salty ocean waters.",offshore oil drilling,AGAINST,environmental safeguards,oil transport disasters,hydrocarbon extraction,FAVOR,0.7099923925218257,0.7622576304536658,0.7323850174487214,oil transport disasters
"""I believe the Bible is the infallible word of God and I accept it in whole, not in part. As such, I believe the Bible is clear that homosexuality is a sin"" Your god is an ancient supernatural entity that exists in imagination only. The bible was written by human beings documenting ancient superstitions. As long as you cling to your superstitions rational dialogue is not possible.",homosexuality,AGAINST,bible word,supernatural god,ancient myth,AGAINST,0.432028522318126,0.4498717599289749,0.5743433766654407,ancient myth
"""I believe the Bible is the infallible word of God and I accept it in whole, not in part."" That about closes the door to any view that would modify scripture. The best that can be achieved is agreement to differ, and where there is opportunity to decrease the opposition's influence, it will be pursued. That includes intruding upon an opponent's civil rights and limiting their self-expression. It is there that the state must place a limit upon a religious believer, and point out that one's civil rights dominate every religion's desire to enforce its will upon another's.",civil rights,FAVOR,bible scripture,civil rights,religious belief,FAVOR,0.4763720384575014,1.0,0.6153868562078401,civil rights
"""I don't care what she does with her life, as long as she's happy."" This innocent and throw-away is a cliche of contemporary life in the West. I hope Ms Small reflects on the risks that may be implied by these words. Although happiness may be venerated in America, an anthropologist should be more critical.",contemporary life,AGAINST,her life,contemporary life,software quality,AGAINST,0.7378323703325488,0.9999999999999998,0.5298151078262979,contemporary life
"""I will be honest, they learned very little about modern medicine in the Home for the Dying"" True, that part. Because modern medicine absolutely opposes letting people suffer pain when pain relief is available. What Mother Theresa was teaching was flagrantly medically unethical.",modern medicine,AGAINST,medicinal ethics,pain relief,modern medicine,AGAINST,0.7206617669904253,0.6724615209262665,0.9999999999999998,modern medicine
"""I've also heard the argument that the pageant experience builds confidence and community among the participants; so does ""nerding out"" on the debate team or flashing across a lacrosse field. (And you still get to wear a skirt, if that's your thing.)"" I find it interesting that you use the term ""if that's your thing"" here, and support the girls who choose to build confidence and community through an experience other than pageantry. What if participating in pageants is ""your thing?"" By competing in pageants, I've met some of the most intelligent, hardworking young women in my community. I've gotten involved in my community on multiple levels, not just by promoting my personal platform (Empowering teens to prevent dating violence). And I have gained communication skills that helped me to land a successful job in my career field within weeks of my college graduation. Maybe pageants are ""my thing."" I don't see a problem with that--only the benefits.",beauty pageant contestant,FAVOR,confidence builds,build community,pageant experience,FAVOR,0.5181021105198794,0.5198784349909464,0.6974216999718864,pageant experience
"""Ideals that today's educated people take for granted - equal rights, free speech, and the primacy of human life over tradition, tribal loyalty and intuitions about purity - are radical breaks with the sensibilities of the past. These too are gifts of a widening application of reason."" Sadly we can't take these ideals for granted anymore. Have you not been following the Republican campaign?",right,FAVOR,human rights,free speech,reason matters,FAVOR,0.28037704051905143,0.3071311424106487,0.3668867166947086,reason matters
"""If Germany were to agree to allow Greece to substantially increase public spending and to grant it major debt relief, surely it would be forced to do the same for countries like Ireland, Italy and Portugal."" Yes - the ultimate solution is obvious. The creditors don't get paid.....anywhere. The malaise continues until that is accepted. Chapter 11 is designed for that remedy but not for countries. In this case with Greece, the debt was incurred by criminal politicians and their conspirators on both sides. The people have no obligation to pay phony debts. Lenders made a mistake in this evil bargain and need to pay for their mistakes. Inevitable: Debt Jubilee / Nationalization of the Oligarchs Assets and Cash Flow / Drachma / Go ""East"" Young Men & Women / Restructuring of Rules & Laws Then the Deluge for the rest of Europe!",greece's debt,AGAINST,debt relief,nationalization assets,go east,FAVOR,0.48294041004163546,0.48594725475366307,0.33604833362680836,nationalization assets
"""If governments reward such success with a regulatory straitjacket, we will pay a steep price."" Oh please. When has a long term monopoly EVER been good for the market? Uhhh...never. Yes, Apple, Google and Facebook owners deserve to get rich for creating unique products and markets, but in the last years they are expending more and more money on flimsy patent fights and trying to raise the bar for market entry too high for competition. It has happened with *every* firm that has had a monopoly. The ""regulation"" scare is bogus.",google,AGAINST,monopoly market,patent wars,market entry,AGAINST,0.269464868796868,0.2420225396472467,0.31598050424716057,market entry
"""If there were any evidence that a state's disenfranchisement law is truly discriminatory, it would be considered unconstitutional under Supreme Court rulings."" That assumes an impartial Supreme Court. As we all know, the Republican appointees are on a mission to disenfranchise minorities. That is why they were placed on the Court. Clegg assumes his conclusion, and then reasons back to it.",republic,FAVOR,Republican court,minority rights,court bias,AGAINST,0.22171660346751154,0.35030943278396226,0.4412148004494531,court bias
"""If they can get the price point below $15k, they'll sell 50 million of them"" Not likely with Li ion batteries anytime within the next five years. The battery pack alone is estimated to cost $15K for all electric vehicles. But, look what happened with computing power over the last 30 years. I see all electric vehicles as being niche vehicles in the US for the next decade or so. Long term is more favorable if the cost of the battery pack can be lowered by a factor of 10.",electric cars,AGAINST,electric vehicles,battery cost,computing power,NEUTRAL,0.9619530590196975,0.6836925299129879,0.6008414177446072,electric vehicles
"""In a culture that seems to be getting dumber and dumber...."" ""Seems""? I don't recall people twenty years ago saying that the cure for unwanted pregnancy was to ban contraception. Or one of our two poltical parties which represents nearly half the population postulating that the cure for our financial crisis is less regulation, etc. The list of stupid and crazy things that litter our current landscape are just too great to even begin to enumerate. Yes, I know people today cannot be openly racist, war-mongerers, etc. Do you really believe that our ""smart bombs"" and ""smart phones"" make us smarter? It's true that thanks to some very smart individuals we have progressed scientifically but let's not confuse this with human progress. In spite of your counter-intuitive optimism we are just as likely to destroy the planet and ourselves ""by accident"" today as we were twenty or fifty years ago. I seriously doubt that even the average person's knowledge of basic geography is better today than that of my grandparents.",people,AGAINST,human progress,planetary destruction,geography decline,AGAINST,0.47188855586552,0.35053423712262916,0.4267587672541873,human progress
"""In fact, I believe I'm called to engage those with whom I disagree, including L.G.B.T. advocates, sit down with them, if possible, and when feasible, work toward the common good without compromising our core principles."" Pretty words but when I try to imagine what common good he imagines himself working with LGBT advocates toward I have to laugh. ""We won't persecute you if you get back in the closet""? ""Have your civil unions but no adoption of children""? ""Just don't 'flaunt' your perversity""?",lgbt advocates,AGAINST,LGBT advocates,common good,core principles,AGAINST,0.8202376316839942,0.4447335588063273,0.5673880209278049,LGBT advocates
"""In our training we show videos too - dozens and dozens of video depicting officers being murdered during routine encounters with ""nonviolent"" and ""unarmed"" subjects."" At one time in our history, more often and most likely a random citizen was unarmed. But today, given encouragement of the NRA, you have to assume everyone is armed and not necessarily trained to exercise restraint.",nra,AGAINST,gun control,police training,nra influence,FAVOR,0.5116529878583952,0.443973389409069,0.501938949559757,gun control
"""In some locations along California's coast, locals already exclude non-locals from the best surf breaks ..."" Wow. Just Wow. Surf breaks are a public resource, being IN THE OCEAN. The methods used to enforce this exclusion are verbal abuse, vandalism, aggressive surfing, leash-grabbing, and violence. Did Reed Watson just endorse the use of violence to exclude people from public waterways? What methods would he approve of? Do other people get to decide whether they want to keep Reed off public property?",ocean,FAVOR,public resource,verbal abuse,surf control,FOR,0.44044512331122415,0.31770848864091794,0.5686524097514318,surf control
"""In the United States, those who support home birth as safe are propagating junk science."" Gee, an all these centuries women have given birth at home. Some of us even chose to do so. I'll be sure to let my healthy, happy, offspring know they are the product of junk science. And they should believe it's true because that's what two male doctors who profit from hospital births said.",home birth,AGAINST,junk science,home birth,hospital profits,AGAINST,0.61842367450075,0.9999999999999998,0.5842345000393985,home birth
"""In the absence of tenure, teachers may be fired for any reason. "" Welcome to the world the rest of us live in! How is it that teaching is the only profession in which performance cannot be evaluated by other people?",bad teachers,AGAINST,teacher quality,job security,evaluation process,AGAINST,0.6503146988783555,0.67534617459516,0.5710068910964218,job security
"""Institutions will feel pressure to lower academic quality, graduate unqualified students, or reduce services to the low-income students who need a quality college education most. "" This has been happening for some time already, and [I deeply suspect but offer no empirical evidence] moreso at institutions that have been struggling financially. I don't disagree that some institutions could be hurt by this, or that a college education isn't ""worth it"", but debt levels are nothing what our generation dealt with, and the ""worth"" of it all does not serve students whose institutions can't get them jobs, and/or accept/graduate them when they truly are not [yet] qualified. If a study correctly identifies which schools habitually accept and graduate without proper education/preparation of the student, how does this not serve the people paying the bills?",financial pressure,FAVOR,academic quality,student debt,institutional failure,AGAINST,0.735542858343301,0.6968211887231923,0.8085620721213296,institutional failure
"""Is there any evidence that those terrorists targeted by American drones are in compliance with the rule of law? ...... If terrorists are under no such ""legal obligations,"" it would seem that drone operators are not bound by them either!"" So, if my neighbor breaks the law, then I get to do so also? I cannot believe that anyone would argue that ""someone else is doing evil things"" so therefore there is no reason for the US government to behave in a moral and lawful way in the world. The America I knew in my childhood is DEAD.",terrorist,AGAINST,american drones,rule of law,moral behavior,AGAINST,0.5915480648287097,0.5850294580016291,0.5026289916695936,american drones
"""It is a news media-driven misperception that parents who claim philosophical or religious exemptions are uneducated or misinformed. MOST PARENTS WHO INDIVIDUALIZE THE VACCINE SCHEDULE ARE ACTIVELY EDUCATING THEMSELVES, CONTINUALLY ASSESSING THEIR FAMILY'S SPECIFIC HEALTH NEEDS, and doing everything they can to keep their children safe and healthy."" Ms. Margulis offers no data to support her blanket assertion about the industry and motivation of ""most parents,"" a position which, on its face, seems improbable given the breadth and weight of scientific evidence supporting immunization which is not subject to reasonable dispute. Based on anecdotal information, ""most parents"" are refusing to vaccinate their children based on their gross misunderstandings and unwarranted fears of the alleged risks of immunization, or based on their unique interpretations of religious dictates. If you intend to offer relevant commentary, Ms. Margulis, it should be evidence-based. Your personal opinions are no more interesting (or informed) than mine.",mandatory immunizations,FAVOR,vaccine schedule,health needs,scientific evidence,FAVOR,0.7663643778215156,0.7097290478098537,0.6471279341419477,vaccine schedule
"""It is hard to find any justification for the shooting of Walter Scott. . ."" That is the understatement of the day. How about, ""There is absolutely no justification for the shooting of Walter Scott, period."" Add to that officers lying about the murder and only being exposed because a brave citizen filmed the murder. Mr. Glennon, do you support prosecuting the officer[s] involved in the cover up for obstruction of justice? Should they also go to prison for lying and covering up the evidence? Mr. Clennon, do you support mandatory reporting of all police shootings? How can you make any claims about the use of deadly force when no police force is required to even report when a shooting takes place? Had the person filming the murder been just an eyewitness without a camera, his testimony would have been discredited by officers and prosecutors covering for the officer who murdered this victim. This murder would have been just another justifiable shooting. Sound familiar?",police,AGAINST,police shooting,justice system,cover up,AGAINST,0.5470984822122226,0.5284801853827287,0.4325698047860481,police shooting
"""It is unclear that it has created a populace significantly better informed or intellectually curious."" Such a sad but true statement about post-WW2 higher education. I came to this opinion prepared to stomp on it, but find that I agree. In theory. If high school education meets the high standards Mr. McWhorter describes, and gives everyone, everyone, an opportunity to experience learning for its own mind-expanding sake. Big if. Another big if: If French departments continue to exist. How do we assure this when we have no central, unifying vision for our education system? Without that, I'm afraid each institution will be making decisions individually based on the bottom line of immediate utility.",educational systems,AGAINST,higher education,post ww2,education standards,NEUTRAL,0.748847896715313,0.5428511987495593,0.8224518275312772,education standards
"""It is unworthy of excellent men to lose hours like slaves in the labour of calculation which could safely be relegated to anyone else if machines were used."" Gottfried Liebniz I looked that up on the internet. It took about 15 seconds. Would it be more beneficial had I gone to the reference section of my library? It is worthy to spend one's time sorting, organizing, analyzing and synthesizing information, unworthy to just put in time.",machine use,FAVOR,machine calculation,library reference,time wasted,AGAINST,0.8025637082703118,0.33328087415817487,0.4496574921873883,machine calculation
"""It makes little sense to single out universities from among philanthropies"" Hear, hear! Tax them all. There is no excuse for the continuing charade of ""nonprofit"" status. Everyone should participate in the tax system, and the distortions of tax free status eliminated. The authors allege that not much money is at stake, but the fact is the Congress doesn't even calculate the forgone revenue from tax free endowments. The endowments have so much political muscle, they've been able to avoid the taint of ""tax expenditure"" for their investment income, keeping the issue off the Congressional radar.",tax,AGAINST,nonprofit status,tax system,political muscle,AGAINST,0.3456566544493415,0.5347095595507151,0.3434523958943548,tax system
"""It should come as no surprise that the vast majority of heroin users have used marijuana (and many other drugs) not only long before they used heroin but while they are using heroin."" It should come as no surprise that the vast majority of heroin users have used milk (and many other dairy products) not only long before they used heroin but while they are using heroin. Therefore, milk and dairy products are a gateway drug to heroin and should be banned.",marijuana,FAVOR,heroin users,gateway drugs,milk products,NEUTRAL,0.46884721717002087,0.6589768424712812,0.544509939646614,gateway drugs
"""It would be similar to pushing back the outfield fence in baseball, and nobody wants to see fewer home runs."" Right on one count, wrong on the other. Hey, I know, let's lower the rim so everyone can dunk. Then it'll be even better, right? The assumption that fans are too stupid to appreciate nuance is why modern basketball is a dunking contest, modern baseball is a home run derby, and I've lost my patience with both. I can't be alone.",rim,AGAINST,lower the rim,dunk fest,fan stupidity,AGAINST,0.6513573142813722,0.3118366026680924,0.2873661096834761,lower the rim
"""It would only invest the United States in the message that Israel is here to stay."" Why is it up to the United States to do any such thing? Israel has been in existence for nearly 70 years. It is up to them to make their own case for their own legitimacy. However, they have made a very poor case for it under Bibi.",israel,AGAINST,Israel exists,us investment,poor leadership,AGAINST,0.09921865270067497,0.4768114667645817,0.4100198750241078,us investment
"""Just as there are good and bad refrigerators, there are good and bad professors."" Really? Anonymous on-line evaluations have been shown to be spurious. This is supported by published research and personal experience. Student evaluations of courses are strongly correlated to grade. Glaringly obvious when most variables are removed; e.g., comparing physics course sections covering identical material, taught by the same professor, in the same semester, and with the same assessment measures. NB, physics has the advantage that grades are based on scores, not potentially subjective measures, hence it was not the case that students' grades were influenced by the instructor's impression of them. More accurate measures are evaluations by trained, paid, identified peers and students. Education is a big investment - use evaluation tools that are robust, not junk.",rate professors,AGAINST,student evaluations,professor quality,education standards,AGAINST,0.7090202775772373,0.6578243178160195,0.6738646618877653,student evaluations
"""Justifiable fear of terrorist attacks?"" Certainly not justified by reality or statistics. Certainly not rational. Justified only by the fear itself. Since I arrived in the United States in 1975 I have been constantly surprised by the easy fears that seem to affect and are expressed in different ways by a large section of the population. It has always intrigued me because the American stereotype is the opposite.",fear,AGAINST,fear itself,american stereotype,easy fears,AGAINST,0.595388305442294,0.48135510729759023,0.7058920548552737,easy fears
"""K-12 teachers with tenure do not have a job for life. What ""tenure"" means, for them, is due-process procedures for dismissals with cause, instead of capricious or at-will dismissal from their duties."" If that were the case, then I don't think the union busters like Welch would have such an easy time finding popular support. Most thoughtful people would support tenure if it did simply mean due process. But it is so hard to dismiss bad teachers and children's educations suffer. Dismissing all protections isn't fair, but the teacher's unions brought this upon themselves by refusing to entertain any flexibility with regard to evaluations and dismissals.",tenure,AGAINST,due process,teacher quality,union rules,FAVOR,0.6415333178383424,0.5729620965620964,0.5900447310666369,due process
"""Like Big Tobacco of yesteryear, Big Marijuana knows that it needs lifelong addicted customers to prosper. "" Marijuana is not physically addicting. Is everyone who has a beer or glass wine at the end of the day an addicted customer of ""Big Alcohol""?",big marijuana,AGAINST,big tobacco,big alcohol,lifelong addicts,AGAINST,0.6870782964453327,0.714517860518555,0.5316804117580542,big alcohol
"""MT [Mother Teresa] was not a friend of the poor. She was a friend of poverty. She said that suffering was a gift from God. She spent her life opposing the only known cure for poverty, which is the empowerment of women and the emancipation of them from a livestock version of compulsory reproduction."" - Christopher Hitchens",mother teresa,AGAINST,ERROR,ERROR,ERROR,UNABLE_TO_DETERMINE,0.12186024424103302,0.12186024424103302,0.12186024424103302,ERROR
"""Marijuana Is Now Big Business"" Wrong - marijuana has been big business for decades. The California Dept. of Agriculture has listed it as the number one cash crop in the state for over 20 years in a row. Now, the business is above ground, where it should be. Regulation, taxation, better education, savings in enforcement and incarceration costs - everybody wins. We are slowly now heading in the right direction - ending the biggest and most widespread wrongful jailing of American citizens since slavery. It can't happen quick enough.",marijuana,FAVOR,marijuana business,american freedom,wrongful justice,FAVOR,0.6383273525835623,0.46310164047280145,0.5410326413450501,marijuana business
"""Marijuana use is positively correlated with alcohol use and cigarette use..."" The inference by this statement is thus that cigarettes or beer are gateway drugs to marijuana use. What next? Would a campfire or mowing the lawn on a hot afternoon be gateway activities to beer? Under this logic it is plausible. Your position is based on the correlation of relative rates of consumption - not causality.",gateway drug,AGAINST,gateway drugs,alcohol use,cause effect,AGAINST,0.8996938145175712,0.5803039782783123,0.6092609293638042,gateway drugs
"""Marriage, children, a paying job and a home are the traditional markers of adulthood."" - who made that law? This is just another discriminatory filter used by those who want the future to look just like the past. History is disruptive. Get over it.",tradition,AGAINST,traditional markers,discriminatory filters,disruptive history,AGAINST,0.5835564273267931,0.5377183551241976,0.585581746358671,disruptive history
"""Medicare enrollees would have nothing to fear from insurers charging actuarially fair premiums, because the size of their check would depend on their health status and income, so lower-income and sicker enrollees would get bigger ""Medicare checks"" than healthy and wealthy enrollees..."" Exactly how is this going to be administered? So I start the year healthy and then get sick. Is there a mid-year correction? Would my subsidy go to insurance or directly to pay for care? Who is going to handle the extra layer of paperwork? As for the waste, most enrollees have no control over the wasted spending, and they often have no idea that it's wasteful. For instance, Medicare spends over $300 million on pre-op tests for eye surgery, when research shows those tests don't contribute to positive outcomes. Even when you show a hospital the research they refuse to budge. I've had to fight off unnecessary care many times. I would love for Medicare to make it easier to say no.",medicare,FAVOR,ERROR,ERROR,ERROR,UNABLE_TO_DETERMINE,0.10986641040722063,0.10986641040722063,0.10986641040722063,ERROR
"""Mental health professionals are, as a group, politically liberal and strong defenders of civil liberties, so initiating an action that is likely to curtail a person's civil liberties is contrary to their mindset."" The new 'stop and frisk': Mental health professionals wait until someone from out-of-town walks into the regular emergency room at Cornell Medical Center to have a legitimate and timely prescription for a controlled drug script filled. They police-escort the person across the hallway to the Psychiatric emergency room; force strip the person; ship the person to WestChester in-patient for six days against the person's will; taking all the regularly-prescribed medicine away while declaring the person bi-polar which the person is not; Then tell the person they are free to find a way back to New York City, turning the person loose without the long-standing legitimate prescriptions. New York is receiving $8 Billion from the Federal Government to distribute to providers who the providers view as having a serious mental illness and/or substance abuse problem which could cause the person to harm him/herself or others. Good intentions veered very, very wrongly.",mental health,FAVOR,civil liberties,mental health,police tactics,FOR,0.6615729669330923,1.0000000000000002,0.588177985031095,mental health
"""More of the Same is Not a Solution"" Absolutely right - so let's stop doing the same thing: Let's stop funding the public schools, which have been doing the same thing (creating curricula based on political motivations) and have been consistently failing. Phase out the public school system. Allow anyone and everyone who wants to create a school - to teach arithmetic, English, physics, creationism, evolution, global warming, diversity, Ebonics, computer programming, metal shop, cooking, basketball, or basket-weaving - do so, and let them charge what they wish. Let them accept any students they want, and let them hire whoever they want to teach. Let parents have the freedom to choose the school, the teachers, and the lessons they want their children to learn. Lay off the school boards, and the school committees, and board up the entire Department of Education. Let the government bureaucrats run a bake sale to keep up their standard of living. Anything else is just a perpetuation of the same problem: Government-run public schools. Get the Government Out of Our Children's Education.",government funded schools,AGAINST,government control,public education,personal choice,AGAINST,0.670023836070751,0.724464343795343,0.5346394626168764,public education
"""Moreover, once recognition is granted, the international community will heave a sigh of relief and move on, leaving it to the Palestinians to get their act together against a backdrop of Israeli noncompliance and nonacceptance of this move."" If the international community (Who is that anyway? The UN? Grass-roots activists?) haven't moved on by now, they never will. The stupidity and hatred that allows them to believe Israel is the cause of all things Middle East is as tenacious as mold, and twice as pungent.",a palestinian state,AGAINST,israel issues,international community,middle east,AGAINST,0.49438300380864564,0.46391079980372807,0.46532236348410155,israel issues
"""Most of the benefits of the all-electric vehicle thereby get squeezed out."" --- that's a bit of a stretch, surely? The Volt's range-extender is a necessary compromise but would seem to be an excellent one (for the time being): the ""generator and associated controls, and a gas tank and fuel lines and exhaust system"" are not as large as Professor Smitka makes them out to be.",electric cars,AGAINST,all electric,necessary compromise,gas tank,AGAINST,0.6344131966161912,0.44578204629780455,0.5986742079791855,all electric
"""Nineteen out of the top 20 source countries for immigrants now allow their citizens to maintain the status even as they naturalize in the United States.""/i> Yes, but the US doesn't permit it. In order to naturize here, you must renounce any other citizenship you have. This is done is a sworn solemn Oath of Allegiance. Failure to do this is an act of perjury. And it makes sense, because otherwise you would not care about the country, knowing that have a place you can split to. There's a whole bunch who hold Israeli citizenship such as Michael Cherkoff, Ram Emmanuel, Richard Pearle, Paul Wolfawitz. And of course, Arnawld Schwarzenegger is an Austrian citizen. Anyone holding an office of public trust or security, should not have any other citizenship than American. And then there's Wen Ho Lee.",dual citizenship,AGAINST,US citizenship,public offices,dual citizens,FAVOR,0.6889854595605495,0.494460402622857,0.7192244436513384,dual citizens
"""Nonfiction can be frighteningly raw. While fiction comforts us with the knowledge that actors are delivering lines crafted by writers, reality television offers no protective cover. Here, even lives are at risk. We must face ourselves and each other."" Reality TV shows have become so popular simply because it intrigues us as humans to see how other interact. We watch reality to for entertainment that it has to offer yet is the raw that nothing can seem to conforms us. Its so contradicting with itself that it amuseses us. Reality TV makes us confront with exactly what our society has become. Many say is trash but if is trash then we must reevaluting how our society is today as a whole. If critics seems that reality TV is trash is not worth our time i beg the differ that it is. It opens our eyes of what is out there and the problems we should be dealing with instead of setting them aside to be ignore. No reality TV makes it for us not ignore it anymore but confront it beause we cannot hide behind our lies anymore.",reality shows,FAVOR,reality tv,society today,raw entertainment,NEUTRAL,0.8341752652386659,0.6999050461336187,0.7018838992241974,reality tv
"""Normally Supreme Court justices should refrain from commenting on partisan politics. But these are not normal times."" And who defines 'normal'? Mr. Butler? So SCOTUS justices should be respectful, impartial bystanders of presidential elections, unless Mr. Butler dislikes that candidate, or decides things aren't 'normal'. In which the SCOTUS can freely brawl in the mud like every other clownish politician. Of course, in these 'abnormal' times, should another justice lash out at Hillary, it's dollars to donuts that Mr. Butler would scream in horror at the indignation and partiality. What a funny sense of justice some people have. Speaking of normal times, the New York Times once published actual news. You know, facts backed with credible sources and evidence. But I guess these aren't normal times, opinions are much flashier and entertaining these days. I suppose Ginsberg's gaffe is a natural evolution of our classless time. And although I'm sure someone will be sorely itching to rattle off Scalia or Thomas and what they did, two wrongs don't make a right do they? The code of conduct should be applicable (and enforced) to ALL judges, including the SCOTUS. Not holding my breath though.",elections,FAVOR,partisan politics,SCOTUS justices,judges ethics,AGAINST,0.5954367803654683,0.1417174097375163,0.6211405029119166,judges ethics
"""Numerous studies show that between 70 percent and 90 percent of children and women who end up in commercial sex were sexually abused prior to entry."" The author seems to imply that if there were no sex workers, all of these people would not have suffered abuse. The problem of abuse came before the activity of prostitution. Abuse leads to prostitution, not the other way around. Banning prostitution will do nothing to prevent abuse, and abuse is the real problem, not commercial sex. I see no valid argument that legalizing prostitution would prevent prior abuse of women and children. It could be bettered argued that if there were legal outlets for sexual urges, cases of abuse would decline.",sexual abuse,AGAINST,child abuse,sex workers,prostitution ban,AGAINST,0.9381507445191054,0.6707210002311509,0.6661893415751106,child abuse
"""One of the main pillars of Syriza's economic program is the creation of 300,000 new jobs for the unemployed under a direct public employment scheme."" Anyone who thinks that expanding public employment in Greece is a good idea should migrate to Greece. There are already more public employees in Greece than just about anywhere else in the world and you propose to put more people on the public payroll? As it is, many government employees do not have any meaningful assignments and you want the Greek government to hire more people? What you are actually proposing is a massive expansion of welfare payments to the unemployed in Greece except that you claim to have given these people a job and so instead of social welfare you want the world to think of it as job creation. Here is a freebie for you: playing with words do not change economic realities. Greece cannot afford it and it is precisely such policies that created this mess in the first place.",free social welfare,AGAINST,public employment,job creation,economic reality,AGAINST,0.6654029522302876,0.6693365355374448,0.6182607999862053,job creation
"""One size does not fit all"" is a good sound byte. And trying to make students learn about and take an interest in subjects in which they have little or no interest is difficult. But allowing students to choose to be ignorant by only studying what they want to study is just sheer stupidity. We Americans are already THE most illiterate and ignorant bunch of ""educated"" human beings on the planet. But countries like Russia and China are certainly pleased with ""It's your right ot can be as stupid and ignorant as you want to"" mentality.",country,FAVOR,ignorant students,american education,educational quality,AGAINST,0.32220862816921414,0.3971902058858306,0.41301120713546824,educational quality
"""People who are addicted to marijuana are three times more likely to be addicted to heroin."" Since there is NO such thing as addiction to marijuana, the above is total nonsense. I know people who smoke 5-6 joints a day every single day, and then go without it during 4 week vacation overseas without missing a bit. Neither cigarette smokers, nor heroin addicts can do that. ""The legalization of marijuana increases availability of the drug and acceptability of its use. "" There is no problem with availability of marijuana without legalization. Anyone who wants it can get it within 2 hours at most, right here in NYC.",marijuana legalization,FAVOR,marijuana addiction,heroin usage,drug availability,AGAINST,0.7031529216637279,0.6920654163558956,0.561984179459402,marijuana addiction
"""Places with mandatory voting also have less wealth inequality, lower levels of political corruption and higher levels of satisfaction with the way democracy is working than voluntary systems."" I travel often to a Latin American country with mandatory voting, but with higher wealth inequality and higher perceived political corruption than the US (based on my experience and a quick check of some indices on Wikipedia)...so mandatory voting is not some sort of magic bullet to address these issues.",mandatory voting,AGAINST,mandatory voting,wealth inequality,political corruption,NEUTRAL,1.0,0.7051017744452118,0.7091032331943773,mandatory voting
